amount,time_of_day,distance_from_home,num_recent_transactions,transaction_interval,is_fraud
480.8865507555545,21.074764727656834,91.16823830115621,4,29.814472252106974,1.0
1184.8054038413802,21.40082781588885,122.68159966235939,0,77.65622988993275,0.0
99.20458373652349,10.2410757669033,4.495255143393083,2,1.8750202696857847,0.0
1151.0782451651512,21.49548414534747,92.40235269924369,2,69.60020521731865,0.0
108.88360831193728,11.84177938457338,7.156265334138119,1,1.892005349836132,0.0
401.42739536644564,17.722076504620997,32.68661426683772,4,64.49303234774352,0.0
879.2029626568359,15.888208707592746,105.49900636314979,2,97.79463916479371,0.0
106.49375768745925,19.52462827776236,0.8199343186071815,3,29.183679823619215,0.0
101.74626155338,16.82603586603343,1.5869258782709739,1,20.440050662220393,0.0
771.5503142720429,0.5401038582884752,39.91991322695216,4,35.25070140088578,1.0
454.9934528520756,21.216365633475032,41.63508767954987,6,69.92715809799594,0.0
2333.353030429305,23.040614086965533,161.7468833544537,0,50.99244339273182,1.0
106.9676109148301,16.756066124430205,7.700763173715464,1,1.8957014886222734,0.0
1074.2291746742617,19.467571823581494,38.83116168983752,3,70.3640298904118,0.0
375.221681803515,17.76046886179789,33.1747193473109,1,32.15149721770697,0.0
1187.1356786294923,17.788768920526273,126.69748997695505,1,84.0198420405252,0.0
1218.8383036941898,20.19985745999241,75.39276011653895,3,68.21756488603826,0.0
1225.3130059095515,15.39603912483996,95.3522619449117,8,59.843645860525946,0.0
74.28527330751152,9.876524908318718,3.43047207298425,3,21.202176135330525,0.0
376.2184501173151,11.80915457543208,37.653902141704336,3,22.908648488919766,0.0
1150.277424674358,23.290298255546777,101.4873556145412,4,67.14905280963326,0.0
119.26076504605959,21.621785526407777,75.70960893951117,7,14.616512008684369,1.0
117.12671532079501,10.768887060187998,2.133520277972683,2,21.942209003060075,0.0
185.00486835682818,13.041740452758338,144.6378653358371,7,18.20252237303067,1.0
1014.6635934376808,18.395060627023742,100.90572361630466,3,86.4734212172914,0.0
669.0286656268461,18.32582805776392,103.20361580422521,3,77.34125105799248,0.0
94.22917105656633,16.12737815787454,5.947361343779222,4,0.19164356758258738,0.0
484.07450948896485,19.3022677050828,87.87584036969974,7,41.61821142041263,1.0
505.67109997454213,17.701444909867988,127.11768252210568,3,65.75286986783456,0.0
2494.327239683259,21.823328170929937,218.75845070292345,1,19.340490590985848,1.0
387.5357908162131,19.434865746359446,44.7405605248808,1,62.404442109995536,0.0
884.6216260953703,22.256793246257075,45.886557346654655,2,71.19730870086329,0.0
658.6016816145352,8.132095427483147,35.36743623012462,1,28.765806791862037,0.0
971.1279176152115,19.36671983955831,50.412439064833485,0,66.81600746195028,0.0
60.154418533047085,18.661897777850307,14.330176918900978,4,2.683260389503326,0.0
443.981895980303,15.698534731651076,31.915209638659647,3,18.24614253879331,0.0
106.82379803812388,11.802145161390268,2.900869559489516,5,1.835439030377326,0.0
348.06300340459865,11.671395286429725,29.411181900972753,2,22.234169940838793,0.0
938.090712137202,19.369360611729817,95.21216314525012,3,97.74043704922448,0.0
840.8828743002828,0.00984694654019691,131.34205267352402,3,24.891023883720127,1.0
988.883065817909,20.635532598400573,87.70118488441679,3,68.68772821733317,0.0
683.1458765854354,19.1038917716146,34.28312962473496,4,71.91451665349996,0.0
353.93591504539427,10.975598637427687,101.87935449614835,4,34.92747800290899,1.0
77.38791506927531,20.0408181550654,14.123980180792614,4,1.238570245574416,0.0
650.614461325561,0.43276823580552026,115.9592782698639,1,38.23129892065554,1.0
51.61852386431045,9.199516740243308,5.309106299150158,3,25.196911796657478,0.0
471.1341361079862,21.34545803851873,37.236105872288746,4,58.03370738688211,0.0
134.06696920541796,12.876601310655754,11.504599685044134,4,26.298492942268915,0.0
983.6062937359973,21.982632094897255,88.70782416210648,3,34.75343155540946,1.0
51.77550296316318,7.5091119137508056,1.9889190766618263,3,2.511326644162355,0.0
98.31833302179409,23.690402062178798,137.07971723381132,8,0.04242791534714563,1.0
1051.9445003442963,20.92775823358982,138.17462339796216,4,68.067154196784,0.0
2142.412639311818,22.170492441117982,179.95630218725128,2,44.45397252560299,1.0
706.0747924881987,21.21105186591597,37.82870243581346,1,76.80830204502848,0.0
90.17013560206695,6.893005696718761,7.6575668744699374,2,0.8462672092757144,0.0
498.148686400761,18.94889185801711,16.83251153177943,6,54.27582164622686,0.0
403.50765394198953,19.605270930478067,31.43339167606231,2,74.43532860372133,0.0
662.8615545571292,21.378940977849282,9.321452735640076,7,85.56263726204978,0.0
130.92998567487854,8.202404444672228,7.490543769327964,0,0.7596457478490279,0.0
920.1876761423453,6.052857651823941,44.32933822322047,5,29.848467000848622,1.0
502.4510174258943,18.90615884224163,29.365539360558543,1,99.28729246412641,0.0
114.21498762735362,13.885662225545616,2.421185851424566,4,0.6104008365664346,0.0
1432.8597734268833,4.588294152054944,213.19515586093792,5,30.677315589795295,1.0
105.50339728654406,4.363403176006794,82.69421002546949,9,10.44895286917391,1.0
450.6999065341167,3.8330605263028374,27.34453161981576,1,30.41486558361548,0.0
107.5147855103763,9.507437894300942,5.144011549014362,3,1.5436135386625245,0.0
577.6989238597752,18.30717726901933,70.77329794456215,4,32.44417973447178,1.0
768.5157332453178,16.51273245484755,92.78139461734987,3,30.049124887016674,1.0
21.40764687730767,14.487239848868786,5.837968155484062,3,0.2119345049619672,0.0
1056.9181437370278,1.6766860964318804,93.8455413913434,4,33.70555672533169,1.0
1017.31795749458,19.661760464428916,64.59121181230319,2,94.00181492612377,0.0
630.5478807154329,18.943855212661,32.23955278089735,3,18.939590709257775,0.0
491.08799604872115,19.251152906943084,40.8447958307307,3,68.4708183143324,0.0
62.6277264929899,15.5967341208618,84.29665197000782,12,14.915274550638545,1.0
1129.076366541427,15.640315077082247,134.344906456153,2,41.63104742259406,1.0
79.71000545667249,23.29603266705289,135.0317708157599,9,0.5882259856013867,1.0
925.0358384900806,22.123022393453706,74.24650178875942,5,79.83388650623742,0.0
98.32798180319159,1.478591647019262,117.86600938268971,8,13.852648391515284,1.0
399.3982618500298,18.910172680402844,43.05969917327189,3,21.00740887683821,0.0
2244.4636198195144,3.142949610115389,159.90453977750212,0,74.26198783315189,1.0
103.4632790849283,6.6772124896517315,90.36466944934777,14,16.170166368370037,1.0
951.934920368373,21.603482578797596,69.01392314238839,2,76.3737567341579,0.0
550.4046515517845,16.353820413185,31.03544138639393,2,67.21876608781466,0.0
97.68694871757688,6.482723087941891,10.307232165577965,5,2.108803709705408,0.0
549.799829124545,19.95408165444624,28.124658799451264,1,69.12489210415549,0.0
1139.2412729626838,18.55046919621463,126.1875756031236,2,63.68027105292998,0.0
1207.50798885158,19.16365871709513,27.407642577647128,5,79.06941814527187,0.0
493.7320902726828,17.017215301087386,28.056684545796717,1,83.51328638499707,0.0
869.3395257003327,15.557020258765341,25.388058557844932,8,33.82875951868402,1.0
963.0195727114022,17.686211442057207,98.03357179656986,6,67.59218823997779,0.0
124.81549747108072,19.178231454071152,8.113712886243968,4,23.243209438056933,0.0
114.90142459033699,9.909107917923842,5.414245088142517,3,3.981691806400029,0.0
129.26635381367078,14.801239517635965,13.853996940037163,3,3.5329333705355577,0.0
83.438691545108,13.067071971580045,114.47567265900929,8,7.9425001760722,1.0
105.90583707607371,16.057480260072523,1.3767436213709323,1,1.8609496802128014,0.0
1665.6241432112274,3.032499862887862,233.82393343865206,1,50.45602125468073,1.0
802.0790359482838,17.12132921236249,113.48967719877551,1,66.07931100348132,0.0
120.5878057112354,12.531878696587505,1.482134737918257,4,15.789821447675866,0.0
816.2697766693528,5.316651645656809,40.962421268237065,7,47.98773859309633,1.0
475.10358515209265,20.27746044405837,30.301615725351247,1,40.53337014550869,0.0
1036.373251011699,17.428021078984102,64.82225173441772,6,89.87763157885624,0.0
114.70544552472224,3.8999619713865945,92.0896528759226,8,6.474269389878808,1.0
783.690399277121,18.55073370000595,101.75053012856432,2,72.26523299819827,0.0
1009.6169893322764,18.705995996743024,51.13329449276456,0,84.94240255275537,0.0
924.5864539623929,9.314914962443929,61.40132908059146,7,50.2661664831667,1.0
1350.4540886847246,21.079809374792152,77.83591393809334,2,77.05156232552885,0.0
83.66851826424453,12.683461752511768,19.55270286358609,1,1.4136393140287065,0.0
170.55315516916164,11.911083012015354,63.42024263263502,13,15.513814291993759,1.0
90.55374003810762,6.42658355049882,139.67465499077446,10,9.356422652055269,1.0
417.77796044335685,18.735710765831474,42.251323481678746,1,21.235349917610083,0.0
417.45028032074885,7.096937347990636,42.57059956689093,1,24.820031226977296,0.0
2754.006136894888,22.118575093832646,229.9165086903927,0,27.402201879066645,1.0
105.19542777553546,17.52863596415011,1.517063656781916,2,21.086795768163014,0.0
1062.2500309087072,18.8033207464105,115.35772273087825,3,72.41840259334975,0.0
662.976804071454,9.916667491267145,115.6292341807672,5,32.28841624412473,1.0
857.4308434645671,21.393143003328984,130.11128571432033,1,66.66062843445397,0.0
55.644340288977176,14.070636081876492,1.683708889395092,6,0.8798165613127948,0.0
1765.377081168672,22.960763526301257,230.49145388317464,3,53.41305855006679,1.0
90.72362872446357,12.739344494779495,3.937585120961023,6,0.8628212241974398,0.0
579.1662693962936,12.480125306873045,25.016376078075535,3,22.475379275786675,0.0
123.02304187458726,19.01917672793746,0.10583709225807564,4,0.2612910267501367,0.0
562.2849932347499,16.920188145748938,32.65155527298887,3,76.40515010080632,0.0
2313.2973999979477,4.0611942762765825,219.58201199444662,1,42.3591420049356,1.0
434.8399652394183,3.2047761735196723,36.32961751509826,5,21.23500596121942,0.0
595.5142320501238,14.69321977279257,21.13779656390594,2,87.42462334817125,0.0
1836.6686207749065,23.610373699725287,174.82688280494708,2,60.146693081445996,1.0
2599.6683904641254,2.6104572054168464,130.28221666653837,2,72.4338742363061,1.0
699.3714093763788,21.381292549572684,94.62368576123833,0,66.90333340633535,0.0
479.1877749642725,12.83353123179021,25.72244312953248,3,12.400259570006561,0.0
2613.9017167256734,22.062882954761267,166.24562105197546,3,33.338314882038425,1.0
104.61175317836583,12.58685474573329,1.4353859428180331,4,24.57441500319938,0.0
1067.5205324150404,21.455337984946585,136.83162631417534,2,76.51812165804745,0.0
904.4685106469767,23.985999034865582,119.19361995386612,2,69.61818649781927,0.0
65.47019267733091,12.073735732261573,4.366427510224252,5,0.12368301732482934,0.0
110.00227037178136,4.194881161083791,53.836386135570116,6,11.762927909598636,1.0
145.69089569224076,6.366154814545761,0.5178974559716975,2,3.631571737654756,0.0
83.01106811191684,9.908559891386927,4.625240663537059,1,1.5937575511304722,0.0
1454.1385715608792,20.913404633589167,96.26146611429611,6,72.60643611351493,0.0
82.75610747186549,2.0618493168676917,110.66893231978858,8,13.60585656746798,1.0
57.53887773848757,15.75313522390399,15.859183597798928,3,2.581778959718889,0.0
551.9346514241172,20.54339742129669,38.34232665740161,1,63.96235970308966,0.0
530.7299520876609,14.56337144506804,28.004713266705913,3,23.235222190695694,0.0
127.46206353106223,15.335688618195617,8.048964094508742,4,2.955323802124256,0.0
911.1413479847778,19.534784628143807,89.89306523249526,5,68.55636436185165,0.0
329.6617560644845,20.194800139699716,17.599397075294153,3,63.07336721609299,0.0
507.5804558193726,13.596892490421117,25.892913408975833,3,22.20956236845694,0.0
2260.7512627849264,22.987586780474405,225.51381555845603,1,54.51448017724405,1.0
884.836351871064,20.706831117560615,78.7513461219501,3,72.45151588614023,0.0
729.692624750279,18.89637236183297,59.06512135238306,4,29.647501943711823,1.0
562.9628841923612,14.290331125424634,22.6419608495717,4,25.397227846441506,0.0
742.0078200517892,18.223646362917542,118.25822327070222,2,79.3101028012829,0.0
3102.764784132707,3.9399808180928204,160.62623475561227,2,58.08428188722662,1.0
995.1749825779993,19.783608010805093,102.36688289795526,3,86.50718567643084,0.0
108.40616623150584,12.877876560686886,99.63227712843789,9,9.956700724543525,1.0
625.8416157948288,17.528940114820468,126.98394913444737,2,76.97789378443049,0.0
1145.1533247797386,18.389550591290664,83.93159984723765,1,41.11770907562232,0.0
105.23733438495516,10.085005513346092,2.2967788413439005,2,3.7184070726484615,0.0
488.5460154747382,20.832655349404963,23.506686880796057,2,67.31121702710173,0.0
597.1570950954356,16.713990174539035,27.434120698178262,3,57.181851435970906,0.0
946.2222618890339,20.082925456409576,121.02208855398692,4,51.753315000771586,0.0
2066.3939075385324,23.650222393406942,173.78586285450606,4,39.14449732409981,1.0
498.0983792097311,17.89938969230916,31.258469696193572,3,74.74395633764063,0.0
139.21428262847283,14.699277968666415,0.7976319211344142,2,2.7633341509338765,0.0
440.842861116417,14.540687206727878,41.48733482929438,1,28.19538348432084,0.0
783.0579134274293,4.147681234954855,111.80865922661951,6,27.118489614780614,1.0
417.2769056447677,18.258771335827788,17.879101080617346,5,63.20081887816375,0.0
566.2130674521046,13.70183024713986,41.88145734706984,5,17.45462046016339,0.0
1142.1919936406985,19.064008298131533,133.76763313121032,0,82.58536526490607,0.0
1762.9094714609257,23.582680813015187,167.07950324408296,3,39.537815711694854,1.0
653.2738913002578,13.302914758739849,32.726977935299345,4,61.49131697400175,0.0
356.98586220393673,19.20376173164326,29.389565745300043,0,17.138643241407,0.0
751.0690593377166,18.981762006711595,158.71190921624924,7,64.36193564820564,0.0
304.7912200477498,7.366541243229831,17.808853886807835,2,24.762556493056785,0.0
115.65824696850693,9.449040062994737,32.027364403170715,1,1.9283531141883516,0.0
844.4366624818249,18.581352645696267,65.33123554993414,0,66.94226703233072,0.0
110.92325632728006,9.978595223751636,61.285814471276225,6,8.01966012844863,1.0
831.5470415223361,8.268141441457518,28.34952275219132,2,40.767179668162925,1.0
827.9173269432096,22.355401628152883,112.27775162791728,4,46.88960153101013,0.0
477.90304004667775,23.879504812678547,39.21247684910345,2,73.51695395320341,0.0
72.75927773436366,10.545551151144576,5.162778167818544,4,1.0999457673357507,0.0
468.9733243406544,10.064456663782714,32.709745388461926,4,24.035629016490898,0.0
108.5619813016506,22.656990678742257,78.62243072399944,7,14.004685057954672,1.0
92.07035533779462,22.698593208203064,75.6021173061513,7,4.806344314568741,1.0
2485.4024262686016,2.3281325891161715,283.35063526785353,3,52.777137352239365,1.0
881.5212151522262,17.59601662438649,114.66075858127654,3,62.25631017247829,0.0
541.2931454275624,12.897807274239888,42.43852932586314,4,23.930037864667106,0.0
110.23455924449931,9.076279840232324,9.223699354910641,2,3.0013664562908624,0.0
123.73095841129141,9.930846199598511,4.436114946889184,1,3.0539209114064536,0.0
469.8060383213976,18.11343549761698,105.67277481517156,1,68.70585240541291,0.0
100.91609484986053,6.444001828739889,80.96318100028458,9,5.038528697542059,1.0
605.8424486849588,18.871723306814015,36.111436546495426,4,80.77921322590129,0.0
110.7133771453524,6.658622565159595,1.4163183367893346,2,1.7995253908421216,0.0
2094.116636350567,3.831637558951577,150.04968837200718,1,34.52716049557584,1.0
931.4624811839302,16.256197714137286,116.78347227985111,2,49.66752084801462,0.0
361.9898541785109,16.544784369726017,34.52033344585769,6,63.907884557136896,0.0
923.088891154035,17.89282351658401,67.0556356590746,6,53.93637526789988,0.0
993.8081103270699,3.6807558579778954,87.20343493165586,6,35.820248186603465,1.0
416.0278157819224,18.302695731184283,24.732445673450094,2,76.97513220648739,0.0
893.8997704778945,20.189508683330573,81.55681404529246,5,83.7368624075652,0.0
696.9617875602896,19.208402207903752,33.72545142733897,1,78.21024118988913,0.0
63.07407050698134,11.144044623097964,3.6414791660759405,1,2.320876511184577,0.0
109.04642027000837,6.057758507852112,0.016117266761173126,4,2.403436862871291,0.0
506.7518481410109,21.101308792015224,19.85581122832,2,74.37179163479408,0.0
192.69668823059155,19.446219132414885,93.9465374358442,6,11.85942568238117,1.0
107.83165816539668,14.726002789490497,0.179749386557771,2,1.3970350998478402,0.0
447.4244978319239,23.153495967121682,33.3951448381884,1,68.31530017309545,0.0
27.847913502693714,9.66685281711588,115.07883208469019,6,13.919987977340151,1.0
1094.2936714271991,20.05938550871346,112.64139433294248,1,72.53529269321147,0.0
882.1349170839602,18.752549241484807,101.42709448081784,3,32.3962947929302,1.0
989.9523781101726,17.614189604408185,147.569394786572,3,81.3740862793283,0.0
86.0281073928923,11.61314755251843,7.331520216520101,3,1.249638971458189,0.0
1185.2355095063283,19.250449005295813,77.63579523813654,6,62.081817945047334,0.0
870.6854231514947,17.03502521292338,119.09788977465487,2,76.2926732336669,0.0
397.561235866571,14.83601503035405,26.39526595795404,4,20.559960964704327,0.0
1112.593847338114,20.086596058072775,92.02691240518051,6,76.7013182681633,0.0
511.56746342928585,18.88476240593283,42.21800552518813,3,68.11824693748048,0.0
452.50546888390437,5.897899316301045,50.10009289300002,1,23.731526491464102,0.0
496.7305251905907,21.75141362662324,27.950649621867544,1,56.743065813911095,0.0
116.27680130757894,18.785825473160152,17.188275014186715,1,1.6190035940666092,0.0
85.91576842195144,3.672282368465112,0.42872453728468046,4,1.097809559527834,0.0
296.07678222398994,19.843841508470568,28.944699479976926,3,84.39068174824317,0.0
1335.2874624550566,20.218276241814355,86.56256560939046,3,60.72356882097417,0.0
88.90268591628558,14.500174516142202,86.82954676557095,10,12.486316002157526,1.0
114.20777291905544,8.928809739583485,0.40094593731684564,3,1.3766493197097383,0.0
108.30072397990057,11.86749210850481,1.0295975634528098,1,2.264584536029111,0.0
895.0959467440452,23.314616426531007,71.57523595078676,2,61.211849335388386,0.0
2764.46449740687,3.306438834255168,188.59859851075603,1,29.75680702926418,1.0
2247.0901071403973,23.426103130983396,214.4432473509843,1,50.905597868088314,1.0
568.1952971294963,9.394327985542207,35.96442339560671,7,24.466559519946482,0.0
524.4966571108723,16.314723333725183,31.3554459215863,3,27.283816048661844,0.0
94.43023070008549,12.488039258581447,0.9005090057537746,1,2.101685395447298,0.0
819.1366749791183,23.421046003182703,156.74163548651018,1,32.69987239303853,0.0
112.38342780809495,10.449193760256064,8.909948060695697,4,3.124837060115702,0.0
783.7873344800205,23.026774495053246,85.35409008303259,3,59.91300169852846,0.0
3028.635932497005,23.009140675822632,267.86702333730875,3,54.10389365135809,1.0
132.4915372952583,12.11497929173927,0.3380021938096258,5,13.74807451714425,0.0
1369.791218989069,16.65977394788128,81.10284235844763,2,75.05209811158225,0.0
82.40413020722092,10.180441337903428,104.28781323608052,7,14.068920201109549,1.0
65.71089106508131,8.732257316051056,7.123061267985805,3,20.769231236264748,0.0
615.8110873500068,12.152013912672802,7.599501014804968,3,30.99196450681297,0.0
585.765962320202,19.988060372565478,40.12546001053837,4,68.21879596777578,0.0
845.2421601792854,19.056362314738255,105.76848023197124,3,79.40113311807576,0.0
120.38793246804028,11.73699895570805,2.150118883764553,3,20.796870423647793,0.0
2334.904049004669,2.9455408605394346,123.87926528666301,0,54.02149401333169,1.0
410.1585328651642,18.85679748117187,37.79234034313608,1,71.28961710709677,0.0
1913.8349216377171,21.766386575964095,243.86752533698487,1,48.89833567500035,1.0
396.4757677580626,23.504871610688618,26.0088814779725,2,70.89233527439072,0.0
1319.9726727911996,21.10147696993543,190.16095255615085,4,63.82341511463368,1.0
103.32767769129599,11.264066654589284,4.6050290223474,4,0.679074693936699,0.0
128.62005290479607,12.997534734843022,0.11032524677500764,0,19.171443920287565,0.0
76.50240122991289,18.20200197125631,7.683190946985041,2,2.9469284683570565,0.0
595.9270826085207,16.43401555162286,27.781390962046938,3,91.85705230620651,0.0
97.83969635258998,11.860046038012154,3.524608069197645,3,1.831034793337489,0.0
815.5669351644749,20.984084699073044,134.97418057625157,2,72.56673710757794,0.0
535.7015485965047,7.993519960420338,24.842829300669976,2,23.311697255252525,0.0
1655.632141024736,3.041125068641877,180.29221144076013,2,43.027322496417206,1.0
181.60507499768858,16.753573093792337,0.42017821036661684,4,29.974687370265173,0.0
1164.6341167923829,17.77319467291812,95.95694262654644,7,62.41295212897482,0.0
908.1278200919512,15.327589253793407,111.71568692695003,4,66.4240865735455,0.0
571.161487808889,18.618635198473307,23.12066133162822,3,73.49456162428625,0.0
57.257554413596296,14.97305637609086,1.732364643188236,3,0.9934095835902292,0.0
118.35028866522603,16.21456718643136,6.518794009673784,1,1.4147331991104601,0.0
1016.9655480312216,2.1848715586906016,66.30790451479677,4,36.718279715353056,1.0
961.9322643832784,20.104979908834295,114.12935511120341,4,95.98646083127657,0.0
134.75786737022213,18.190020805320245,2.0361680204431747,3,2.230101173469863,0.0
915.8031038359474,18.88846184468459,101.83346828102164,2,79.94700222834886,0.0
80.64640736184627,19.249794231987714,3.9070207247689748,5,3.0466748272809374,0.0
41.20989628360673,15.930763935782055,4.745872402761159,2,1.1757164423212485,0.0
130.10598693676073,19.08320254254204,9.184925352389019,3,0.27882417471027576,0.0
1040.6927271734446,15.858998792753646,106.20172141734983,1,73.61648961723365,0.0
1065.2266044484236,16.305747420940605,128.34914996166194,5,82.73612570925758,0.0
425.20598486351093,22.056918648688107,63.388730207724514,5,42.90163937592013,1.0
897.756864713763,15.049066867292257,117.53509648357928,3,66.56270892749895,0.0
62.62783663864036,16.67718236178269,1.6577314679743202,3,21.049572907255637,0.0
68.13088858821685,7.9834369329917285,3.4483230812980477,5,2.369773437115056,0.0
346.58858292643777,20.74013546137751,26.47986925146526,4,69.02743388996456,0.0
948.081729727279,19.8738763394927,100.09252380475081,3,64.48450293374857,0.0
841.9051089109377,19.113299849794213,121.46974734273672,2,73.81093156350083,0.0
540.1711722098942,15.5205724424438,20.336876142348675,4,56.95850864129851,0.0
518.6454314769428,14.833425789197413,27.04458759853451,2,16.58087798191997,0.0
968.864552921584,20.66705792321785,147.18443922751544,3,62.98920634846697,0.0
115.45143058918143,14.5819367245643,3.8009314053110494,0,27.77988504208521,0.0
140.68720085712468,9.18729429949645,1.2008850417502643,6,1.6036044798235456,0.0
959.3909227914014,17.460053537882718,115.86873809177561,2,71.37757363476118,0.0
394.0786478111048,17.306077303363345,22.208483480717028,3,54.047825314206875,0.0
127.93840357348596,22.52952825934956,5.337920953421046,2,2.2936487738630706,0.0
782.8783902143758,16.309244077744413,10.218088598324835,2,35.86181409561462,1.0
710.5564370542288,10.755860960856047,79.78182215000881,5,47.60069633740601,1.0
424.0867338446302,19.763870904463108,23.542286493634315,4,86.40910753844288,0.0
101.36715519711441,6.207944398335024,1.2765063757044115,3,23.92965898074484,0.0
627.7664895788425,15.58077288011093,29.549731771711333,4,22.170466725856038,0.0
524.3687211491912,10.164462948524239,30.37950436290446,3,19.382625713009254,0.0
101.92840057286388,9.764312610913647,3.1174758408616094,2,21.231766711519263,0.0
1524.0399298853913,2.7229468997209088,83.5279174438712,2,59.64121312815184,1.0
57.630888959941245,11.77221750511573,3.7783281384323617,4,0.4265502398977814,0.0
39.41781613627595,7.903710659580103,113.92628831813629,6,13.935115336011112,1.0
511.7327383308782,13.573941541686999,32.65056044840313,2,25.669793874766988,0.0
1088.852662297208,17.493164259307633,91.81073800240495,3,71.10012457047335,0.0
723.4400538071327,21.728280859947688,155.20651404525972,2,70.01852493333793,0.0
215.58194471964163,20.65301889322184,2.647457109592807,8,18.7844858687045,0.0
417.10049890779277,17.597421746344008,32.03672084893098,2,28.324632509029303,0.0
558.8317206484576,15.509449162302685,39.82573463627777,7,33.141151873374234,0.0
109.72251908184386,8.307067015556383,7.033341104115277,0,1.32026677239962,0.0
916.9424172198397,18.695060327238913,80.03543755929354,2,67.45977740880281,0.0
930.3767895873935,7.42378138459735,26.695230152719258,6,55.687969806740654,1.0
359.2536225623445,5.694431372063002,25.979332554833295,3,24.85710607795248,0.0
846.5721223929152,16.321105352982478,67.333702231466,4,27.937581347211964,1.0
818.4872675916804,20.789848753888883,70.39641862781365,5,75.1341216836941,0.0
423.26524371119507,18.012486833677375,25.647777671993715,4,92.0085881152634,0.0
43.98204422224755,7.893938802355759,19.89538089420841,1,29.391707037591882,0.0
58.957776744040316,14.131446483749357,111.41688503188927,9,17.67361018414633,1.0
108.79217419896044,17.68201699195942,0.6297223224301701,3,1.3652681097333952,0.0
47.10879533911798,6.373355612607111,1.453372862073077,3,1.2546765162929094,0.0
1142.5996860344776,19.598585160812984,128.65289138324428,2,58.34330017613679,0.0
1107.7820087369316,19.880949475920797,125.66380026047935,5,65.35111527319212,0.0
1803.909219401208,5.05448844032858,261.487756527899,0,40.58192205183283,1.0
2654.358339461141,3.1825380968826757,232.1186295820784,3,35.42098603537138,1.0
119.43065614302077,9.182625237828963,0.9564644072751095,1,2.1987945883388536,0.0
92.63835651991388,14.634177090691322,1.7742799503994653,1,2.9205982427118156,0.0
93.29611644022448,14.727565958505245,7.251773494836926,2,14.527948788582064,0.0
102.91232648044121,13.718472876530344,4.785374185823828,3,1.9171393274640847,0.0
2014.9334616289127,21.245211257877614,96.01833588764804,4,42.39905027309945,1.0
581.286211883896,9.715284040868813,18.368105389463608,3,22.573589537769692,0.0
2116.2433092096835,21.77782393484899,255.6589146650354,1,63.40849208203544,1.0
422.69902161445333,19.69300776346143,32.5293681426508,4,57.94540591947276,0.0
1376.4048992950068,18.859002443881817,82.18479513260084,1,87.08495722177284,0.0
451.57659271337485,16.46918332635251,23.71515136103953,2,25.759649791561888,0.0
452.8961694381677,11.309490800236722,22.099336748647218,2,15.72718017248864,0.0
51.28784253648311,2.3879094283353153,141.38145226249443,6,11.440804323957003,1.0
459.8779528114164,16.760660210747712,12.951214458676763,2,68.81253813863354,0.0
1905.644935753707,23.989949039968543,181.15811602517198,2,72.8403165897393,1.0
2393.508284820446,2.561066027655997,208.95352657285974,5,62.603626352175844,1.0
1114.1197337186318,19.827598194902997,95.4818224168947,4,72.27429011814148,0.0
42.43686354102876,11.252513423354564,10.86637839731507,2,1.6760674990477817,0.0
89.63000875971991,10.892317531365878,93.71481050450346,8,18.26603650682363,1.0
998.4054717366765,19.21075101229192,80.63291714054574,3,64.18676523583116,0.0
105.53901575596913,13.529638984736202,2.8459770860961657,6,3.330381685658061,0.0
104.31041335053193,20.390404199578995,110.40049977395002,9,10.377246480774987,1.0
2219.534277945085,3.4520640101516147,171.28087747685302,3,38.68156386550355,1.0
110.8528597631155,11.523238551320956,137.13335923402826,7,14.465688419258935,1.0
454.1801645135899,6.585903159256362,46.20580625760327,5,25.83814528777963,1.0
581.9529839628499,12.898006526395367,80.31908805046044,5,35.66495956027945,1.0
88.4475315875105,6.5932615775346655,3.0859285392605713,3,3.6497836862408017,0.0
328.6865470909122,19.15727038063218,32.14450833971641,0,64.87832789116328,0.0
893.2891601679612,18.528762863336514,74.76546480148924,8,32.701226452612744,1.0
949.004556515829,18.945390920980135,61.28906546371492,2,79.24047807536785,0.0
616.316375215496,15.362574195954897,29.946026236384657,1,26.491059613938432,0.0
448.61330826633065,22.189010126449944,28.195102110683663,3,73.48393794181514,0.0
1636.5255204913256,2.2645510796079567,161.2849288947573,3,58.28395493899516,1.0
511.3517345251248,15.143200634603328,43.68421954472675,3,31.199252902684098,0.0
64.93965887141404,15.558523182493747,2.1963480586487476,4,1.499613909879566,0.0
1011.1449824577389,16.580610514317783,106.35451236923434,7,51.79986366512602,0.0
1166.067163308849,16.793266787652254,131.37690146487608,2,54.610193722645356,0.0
75.74519191320437,14.23916179172416,0.5222385485554638,6,0.1961108739913049,0.0
1078.8904284756593,17.589976288483182,74.04882320953021,1,68.90938114625635,0.0
521.3979910734222,15.709202506086216,37.72021562003423,3,66.44113035692958,0.0
102.19174576448687,15.198454016099735,86.72777012807093,12,11.61348185521331,1.0
75.52569145103685,8.806811021846185,2.807585082092952,1,1.6780156335407486,0.0
952.2103906267181,17.563185468861604,123.38700181721144,4,60.403391168781596,0.0
1794.1392094222042,2.575896184415901,203.05782299678557,1,31.386922147698762,1.0
1065.3854747528326,16.81537447065484,61.725037402901854,2,85.89063830010375,0.0
3021.5129009244947,1.7236640793734623,266.037506391308,4,46.98169146012777,1.0
297.48574133423926,7.915068731477147,56.63182350119824,5,33.73304951321912,0.0
434.6670767426288,9.232367720475022,47.698624206769665,3,17.815722412403286,0.0
73.48427691396601,11.331527678732582,11.835862371081546,2,20.244692814591094,0.0
500.5243699718183,23.176749409561456,30.360633914696276,1,55.507543148457025,0.0
489.12398515431425,21.297531400744205,36.50381788721268,2,85.78135147840469,0.0
571.7542255795962,19.90706860302796,25.604112889682263,1,57.91111042069231,0.0
1025.8442363950455,16.37632753529968,73.16950261973791,3,55.61831187771838,0.0
106.38459540649158,2.2737339547042597,116.7415530533831,9,6.820090445460306,1.0
566.9672548830039,19.031158095162937,34.8014613622237,1,77.20167397970847,0.0
834.9086119906204,18.442105706813813,76.38041171780631,6,48.18169039436936,1.0
963.8536569137806,3.6269547482561326,201.53737915437492,3,45.239696305031934,1.0
1871.4034776967844,23.119659304518933,233.86042606750917,2,34.98907495665949,1.0
833.8099767177924,22.499153486373878,44.930271014138896,2,79.93323042881963,0.0
782.9853650349736,21.538057201876168,77.35245611806138,6,40.11316661124837,1.0
989.1410266964375,20.86863982247855,70.05910488460839,6,80.99498091969187,0.0
2481.3401174431497,22.32570970741512,261.2190835058781,3,34.55025471733228,1.0
95.16142865001973,10.262015090270738,1.8235659317442863,2,2.4455645812774898,0.0
1096.2018463473426,17.780975595681433,125.69851313877032,2,68.31479753174608,0.0
455.9955513303016,11.839368197422626,22.64141550677165,6,27.249874127103553,0.0
68.98795399875794,1.8887442046895773,88.3534512433977,8,11.036157668576328,1.0
647.5356216949552,19.791607066874818,43.75866173183957,3,88.49740918764275,0.0
430.02744920074144,16.220855066472808,28.185216704208038,4,65.33863516406745,0.0
78.93840718367943,13.086315348781493,2.1955068526149537,2,0.6558971838175864,0.0
885.2675986239527,18.96938030165401,136.09337939292413,2,76.5345992109988,0.0
655.1151975522523,23.80683117047655,18.86945572936288,5,80.25077222392964,0.0
1370.467187034627,1.7296205287915956,249.5875172723278,0,37.92552915479197,1.0
102.75282329606507,11.702266283599815,0.8721933524456189,6,3.6040912534772396,0.0
165.71366877429935,17.813537908470803,4.1218016030144025,2,2.4255942534627963,0.0
1333.8043050578785,19.00609204030683,143.6506366828949,2,66.3973125967104,0.0
92.97589129152459,14.42403980538256,7.2275189961185795,2,1.2428731531839499,0.0
40.372932561973215,14.482688390202712,3.09537259333188,2,2.422108593489906,0.0
617.2413296832957,3.7623107423830717,72.50917482599618,4,45.197722633813044,1.0
1541.4222543144758,2.3071348765279884,155.48727899756733,5,50.69300649532939,1.0
121.42001482276275,19.386829302944136,0.8652721538019974,5,22.72499181185301,0.0
2254.2427780736866,22.8978669417593,225.73357771941147,1,62.15896092510839,1.0
75.37953044944868,19.183510692382086,0.13272977607334807,1,0.19107407256466447,0.0
2415.5599989969523,3.2214933071328327,269.41004694270805,3,57.22377705561838,1.0
2458.284090322151,21.832348217883574,213.84972602135628,3,46.21263246120335,1.0
1722.2776035674992,23.588500786261196,230.59963159572442,3,46.721650737671006,1.0
88.70300135526966,11.743745939402913,71.03720815298358,7,12.80890349836786,1.0
974.4164817038467,19.359788302306956,134.71289156391876,3,91.06208753224355,0.0
635.1029388692978,21.82933028249286,113.54549051452123,6,52.691003340410816,1.0
1844.3260564436512,22.674837267578376,172.65069582722805,1,69.2712800197705,1.0
117.02466163389936,2.903055893723816,87.34445911454355,4,18.65022032445609,1.0
774.1896457565542,18.024177183708595,110.05716061209846,2,73.1749648513037,0.0
85.842044026317,16.78018651569937,1.1038420756713982,1,23.51431076253694,0.0
111.2151143500501,4.042573227165966,83.96606204814428,6,9.884309990458759,1.0
1924.133120789746,3.6512750441186883,192.22252656853365,3,56.242502678434725,1.0
90.96688913232134,12.104364200843335,5.189620405381139,5,1.433489004768528,0.0
1003.6836758379103,21.182620241188538,133.82074729524274,3,82.40631674302728,0.0
110.84908075142903,9.49213176884893,6.598818093235882,2,1.0838584834186566,0.0
81.17671493570498,16.180486771910733,97.94549781497656,4,9.13911619280245,1.0
737.117043326645,11.298297417302472,115.04505204362293,5,34.79250706524806,1.0
410.2745628514169,5.32566370448964,24.347152236009183,0,16.87871262243557,0.0
93.720501501355,16.57476749727927,89.72912929459056,5,12.179492942638808,1.0
475.50693382148796,10.18533643374025,109.78871391358892,6,36.58558902530226,1.0
827.2349349495659,22.94205119908906,130.33369264236507,5,39.96398935312145,1.0
42.851926677463425,4.21716590008382,71.28500860383575,9,10.765290361300869,1.0
142.08382932808297,21.195592494477,5.140659982373224,1,1.9192943477828726,0.0
95.13152658497758,10.918818644207992,71.07066650749061,7,13.486944112048189,1.0
340.5572341205633,20.996020219719306,25.32896593209224,1,103.65810307944719,0.0
96.53055152835279,9.500725689217285,10.89851540550276,1,1.6588254193299892,0.0
930.3422153193825,9.734865366130617,130.76989162031654,1,45.68561002518013,1.0
78.40467374815874,9.097024747386138,8.462655938873603,1,2.814424898616591,0.0
658.7742775627789,13.36914206861362,31.369751462709832,3,47.72573793363247,1.0
58.669918961287266,12.764396272079614,0.17095762468974915,5,32.39154602775663,0.0
428.1555778747564,17.906161398903585,35.24264677643169,2,24.060107540996427,0.0
781.2250890053282,9.306343884713993,67.30818196922661,11,41.4427406238906,1.0
650.2357052096028,18.511686729418702,7.922490836174312,3,62.53593682618365,0.0
1744.6506932451177,2.5002795005802074,179.69996680457538,2,36.76264738021189,1.0
609.8776851987191,12.790398418769598,30.327244915407075,4,22.534314361340794,0.0
135.3777800383038,15.701658718687629,116.37343606939385,9,11.210529571962043,1.0
110.39344628490927,9.778091523358981,2.734406549742989,1,1.6270594795698634,0.0
986.7840402705367,18.82343590329749,65.60005856437289,2,71.59482262322815,0.0
108.90954019699558,9.87601217999273,13.523778022021578,0,3.081721694395094,0.0
639.0235798670961,18.74035860053315,133.30907085948292,2,72.60446276007596,0.0
88.52219851337865,13.467605098444185,101.27498997939296,3,7.640625659918098,1.0
1968.6920906935388,0.432586118225295,258.4704116078231,2,47.854279066334804,1.0
2145.123282833516,2.169783281107728,208.46875256358055,2,50.08561397852806,1.0
704.2827508440317,19.38409823298006,153.07350100789859,5,75.98961700510644,0.0
944.9896605696712,20.51785717957353,110.28445487207871,3,68.71798821840042,0.0
433.8213535231612,12.975202855084795,31.523155135766242,2,28.05305998607871,0.0
562.4119817052156,14.454071890921666,39.926885389127925,1,20.02255996632081,0.0
109.42741997785822,12.601207045847511,7.450142791704588,3,2.939579412355179,0.0
128.90128387732966,9.548845238062455,0.12244595635265158,2,1.6649005212007655,0.0
681.7397106606924,15.819733070403224,28.86899875111203,7,47.76345842410031,1.0
1228.750808641386,18.381767071594997,89.1471079348956,3,84.0791485833324,0.0
134.28468443545063,12.329135957101697,7.904187440553979,4,2.438501769565738,0.0
128.99632751561836,16.070670156900423,57.25747980447108,9,16.190054548350513,1.0
107.72651172168293,17.023024502294085,2.9765703025518473,2,0.49234312793006474,0.0
84.63048068622716,5.203542622298599,57.833821776200665,6,9.987025378793275,1.0
2028.5589202755875,22.94953695259716,159.22486490648896,2,27.819257576053992,1.0
83.6958067823937,16.65272021588147,69.34472280119375,6,10.203570124682738,1.0
102.45622418158968,12.77635997159323,1.5065917327534437,1,27.8263169830915,0.0
122.64697499649648,21.480812612482485,146.14175778465733,6,12.88359062432555,1.0
661.5070740570361,22.061501664687395,99.27916425758188,2,69.1421647794737,0.0
155.56834553526812,8.086508889539871,2.0644694615775414,2,2.7599227430474715,0.0
369.5530499495147,18.65385635143226,24.22469906492446,3,75.25003819000746,0.0
797.5791249479664,19.297334914404225,83.54680984519031,3,67.02752805953779,0.0
107.72599459386953,14.33079888037208,116.87532544498137,9,18.179939181529463,1.0
60.38630160747171,21.82120055964358,6.652654534548504,3,1.4584909995537587,0.0
175.87326599309273,12.78608467880588,30.949937513563047,1,20.455952628690888,0.0
67.66765666212082,13.508847500258083,17.878705654540575,2,27.122927068645392,0.0
1337.428327014513,20.100104198049102,77.65647379820419,3,78.67706046550248,0.0
474.743184860684,11.641057222851092,35.11415500929954,5,22.341061466479484,0.0
101.8069062982308,17.78791153741493,2.4840029972796573,2,1.1950405798958605,0.0
118.77002043295019,22.107729703494485,6.508650507257196,9,27.17583727074344,0.0
504.6980593764742,18.720820743689654,33.47530376158075,3,75.38302545751576,0.0
466.54987641590515,7.71966093469539,25.51619780946118,4,25.374881006994677,0.0
2516.902688004312,3.4919155381513867,238.0011471220517,0,50.20559247592116,1.0
62.891478673657545,13.156674575631273,4.559318902293804,7,1.1282293119584228,0.0
1304.6248154539314,15.814012532936662,121.97948082187249,3,73.5438353754506,0.0
846.2515494368167,4.092729345450607,66.01367653418207,3,30.050271317644015,1.0
941.0346643819436,22.159188198478308,55.30369245577733,3,31.227173160733166,1.0
473.0593165555442,22.227422538117295,28.15643349282904,2,90.76680173879438,0.0
131.6140615610471,17.113807450429196,3.342967460518684,6,28.482437063079313,0.0
1203.0181350883504,22.555330932301096,181.86068362329138,4,28.955594861688102,1.0
117.60571281400811,10.217989914396913,4.337309835440721,1,2.3611997437513983,0.0
110.17532737406452,9.70846858699764,106.94823881365917,9,10.364232443034913,1.0
808.8919118799148,21.7840045726892,135.2852531571976,0,76.88072963353336,0.0
485.29426184978615,18.29594705316013,37.635911006198555,2,28.353170238227914,0.0
407.3069528421917,14.570891039470176,22.316350526859278,2,26.281841054409266,0.0
577.4634053429337,13.790834240069259,41.61933813456096,0,24.90523122765282,0.0
95.99463631346978,12.974663863793497,76.78735828174408,6,14.95763795446585,1.0
540.4981710960956,12.973357797290767,22.892398964508214,2,29.211059202717028,0.0
617.9440120721287,20.46528015443116,38.99135713687492,2,74.13808901723321,0.0
441.0635243055788,11.011290469917613,34.83425488114603,1,19.359375048794043,0.0
90.33815451382974,8.006583837044836,6.149546920103921,2,0.6028476934518483,0.0
875.4067675656026,1.6102495831170893,65.92611022027735,3,49.39151837795815,1.0
1151.501542009461,20.12781824010472,104.34602993972666,2,94.47725309549736,0.0
828.7529286217169,16.26266837039026,31.163064602538448,8,31.063374326316502,1.0
589.959987543325,19.19074610739809,37.60904743156908,1,29.108863425334192,0.0
158.49925122988301,10.171396444165781,94.67395253113928,4,11.861337721049573,1.0
549.9372834081373,12.313853240833197,93.3019385190817,8,45.64094191691561,1.0
1021.8789589209786,16.869772673849255,79.4812149460271,4,63.47363904808551,0.0
563.3919022318012,9.991783102589554,40.17501229084181,3,24.02328370008244,0.0
902.5749232470607,19.081183382407765,115.84205103238705,3,75.00830899227303,0.0
98.9586469088427,13.068201063477035,4.8325195944629264,4,1.2282887798194597,0.0
732.1843252746304,7.7734932619291,96.59005015710956,4,28.17777431232919,1.0
138.79898485723777,6.870216849196397,137.1551856458248,8,14.013040906102022,1.0
439.97831228412053,2.3044826934841733,11.69231551605134,3,31.306188865148492,0.0
432.28382884878886,14.588783758810964,23.3728622813707,3,21.96789405540842,0.0
867.4752482108306,20.267553761864196,136.39949227556926,5,72.31864024559363,0.0
2511.888150810408,1.0979303514535603,212.72132287133604,2,43.417447867251724,1.0
478.6552848288153,17.520365416589804,24.908047595145362,1,32.072287485766324,0.0
764.2200458428696,23.63212094722781,169.746660594263,0,64.62583608621706,1.0
91.02977948602397,11.009925457793981,7.159001897927629,4,3.083920966535608,0.0
946.0250129413257,20.83815296597554,91.90844405327992,1,88.84242398345013,0.0
484.0061470036573,19.521347531647812,10.638846863213784,4,83.1177825012626,0.0
115.39802299340069,5.356156265936036,6.6038684128406775,4,0.03407100585302203,0.0
2529.3903367451235,2.5627925530521147,221.7832283228501,2,43.921859497867615,1.0
585.3219535183702,22.423416960284687,125.30117866471176,4,87.98491431260129,0.0
106.26590785014267,13.024118937255503,2.893782704616665,1,1.3422126107044228,0.0
74.59618845794785,14.362619322769238,6.959049439136748,5,11.858076131926996,0.0
1067.6992814988828,19.267081809564562,108.40364166908347,6,87.38562888432158,0.0
827.7431597343473,19.639563868285073,41.21829321727768,3,34.803953726600746,0.0
1615.7761616910475,17.022817785698166,94.95075298113792,3,95.96220262426621,0.0
2641.6895825233255,1.0143366441964408,211.32526760576442,2,32.707378386372994,1.0
2042.0532439442452,3.7061285491093265,219.92820329460037,1,65.86073613229713,1.0
381.6741487334225,19.642714430900547,31.070423820787138,2,80.7829188740684,0.0
536.6598246096848,16.807449826209595,57.30867233223567,4,65.89725296069183,0.0
97.76662252701499,8.421570791121985,6.401946856224549,3,2.096676121140232,0.0
100.39005675633722,9.929554803855314,3.0641707324122747,3,29.80386739822929,0.0
2393.6612528232617,22.662942513955375,101.2664552706446,5,44.70477208175473,1.0
1935.986566008381,3.085388610134958,321.8621287962109,2,44.09641290811723,1.0
1318.6373253278794,19.128948829620242,135.4736147981591,0,85.65046815780762,0.0
574.7293605123261,12.238521479680697,32.41238137655348,4,29.23751008399972,0.0
1723.0157257112764,4.20459457936839,157.7835775605248,2,49.134091836568686,1.0
106.42281232390611,16.266698758356615,0.29373513412418734,7,26.010127774812613,0.0
1702.9421847560077,3.7405453658744365,100.24597667926335,1,38.36630358061491,1.0
718.4976610564357,21.942340654987216,141.09126333909342,1,82.27906130263621,0.0
78.56945745920896,9.717014825002096,2.6373577558486443,1,2.7766460283941474,0.0
293.25578999601237,18.699888825934945,30.06868254939037,2,57.032488259638164,0.0
68.268672131323,5.1896655830486385,1.2719819393547196,3,2.262214732236855,0.0
667.695987546208,16.260394040841845,98.62089976248565,3,86.50418413002363,0.0
146.93930967442017,15.890217798506919,4.1622990373407776,2,1.5343047598811634,0.0
1249.2170384995259,18.654107880153155,123.4654782386728,3,75.6412462349979,0.0
506.9802084990019,5.664388706057107,32.00651803955687,6,25.527598619225515,0.0
429.23305343812194,13.827012876615136,22.90966288335295,0,23.70477050295979,0.0
425.15134634434463,19.72992200493245,51.0520240120801,1,63.70338461786134,0.0
1771.8484837386902,3.2267116863405665,77.2513229363027,4,45.195539859498496,1.0
92.06029500286132,11.934308415708992,0.7163502844895132,6,23.536695339192303,0.0
1288.31372413158,16.970486538614267,107.18729621089626,1,61.385963123279765,0.0
678.7107359484855,20.836633212004628,47.98049411747942,8,60.45738165352861,0.0
626.6911149186623,13.370901385510816,36.02477209439482,4,19.543350932827746,0.0
91.2491875062017,8.886781098390749,5.342529453740248,3,2.7790298676301295,0.0
1299.2088622978365,19.949396465759907,128.55881090529405,3,63.873717148160466,0.0
88.23675540603527,7.6757738383669505,4.039721675980882,4,1.1548713891734,0.0
585.2433334796224,9.743685477053086,33.79482057165507,4,26.831174028186048,0.0
93.46943021496614,11.83793983262366,110.77627687434244,6,7.592902548240905,1.0
774.0586290684764,18.592839279795278,97.19697787249001,1,63.20077579434988,0.0
440.0607354555978,18.301484591363142,36.59380586186951,2,79.67884081180239,0.0
557.7729381984229,19.283433827279808,54.26436140142477,2,80.16258547083387,0.0
1584.8497340078961,0.549340926771059,233.05513888405866,1,43.23370840183881,1.0
534.175597577716,21.060566908063684,30.918647456484937,3,67.25741997859139,0.0
2261.519816481779,4.543697760992414,250.00646678769908,2,53.834023175598006,1.0
532.4166352488442,10.718610767222719,33.041929195534216,6,29.152131068793757,0.0
533.2314011979591,19.300837810287153,32.30009523762836,4,97.28542227847227,0.0
718.7817742216872,11.646737210644758,132.98719580898216,6,46.59586100672856,1.0
84.89573037651402,10.87286156455797,8.173496550579964,7,2.575904436932336,0.0
584.9602097021025,9.272063008008805,24.534926054912454,2,24.79311881708932,0.0
379.9703592944224,19.386547984190663,29.42016052567766,3,12.84352004432244,0.0
34.46521794844573,11.260259906226521,110.9467763366622,7,10.209611237934347,1.0
544.3819428146228,14.279069120928815,24.89563947573033,3,26.934503268904457,0.0
932.8430601419743,19.32114796209973,93.41668565065412,2,76.69128717937103,0.0
1154.1730387773935,19.786635678788745,107.97658894177998,3,51.505944886325466,0.0
102.05688924418082,8.325392214063207,8.716258444056155,4,3.1222035676977153,0.0
373.9116045664955,11.035055768574681,30.737701078868863,2,12.265830556074029,0.0
107.25886814698103,9.820323652764202,4.89966252744019,1,0.7537359860655697,0.0
714.3944089325325,13.76005780021333,25.50423961774719,6,21.759421829902916,0.0
2194.5849051117243,2.7783651134291953,96.97784812954555,1,71.7088304168717,1.0
31.915064065077715,1.5744183586807088,60.93559031094789,11,9.392359858457452,1.0
2072.453984665452,3.8063654246577086,226.5744844073329,2,47.39796878839341,1.0
572.710012267859,12.327201214287623,27.162722640900697,2,45.72384474907706,1.0
1201.2585618428882,20.13796615837055,89.14565982302298,3,77.02377624980286,0.0
953.8130939582644,16.266242603169157,77.09705979549986,4,69.91264293196616,0.0
123.4546861533193,13.969805056032595,1.246231109903065,3,2.3522904441662864,0.0
107.7964838274527,12.665808832852225,0.46386935801280865,3,3.3210617383534675,0.0
812.2057167112641,10.855763463223106,73.53953945515171,4,51.83429124401171,1.0
478.23187967727796,17.269576262537303,27.447480578977466,2,14.352631161425585,0.0
1100.1834375248761,17.653018751512263,63.56622157742015,4,59.6499970710488,0.0
76.45510289702102,4.709622760508535,133.69278328446237,9,14.086765038323932,1.0
780.9054711427802,20.96580733823362,80.35810340544164,2,51.85219413666135,1.0
1798.281150689321,1.7501106887609568,168.91153235833994,2,66.06949345291302,1.0
45.90048238933842,4.7305449317676525,115.08279504893281,6,1.017915765190832,1.0
2094.6016517371177,22.549320983502266,223.12269930635634,1,55.90576769860677,1.0
102.02584614063771,6.607258311577148,8.015147244221799,0,0.005871156520743437,0.0
86.09746921562613,12.844069868810474,1.7509428265181268,4,2.546273609557666,0.0
582.541634898803,20.301043490501062,27.33085287985679,2,26.605776455972162,0.0
122.55799098060322,16.261921500261405,0.48801254494928015,0,2.0787777278663335,0.0
2027.6312979395088,22.665911841224666,272.81642359897927,3,54.98248748187846,1.0
437.7300480179406,12.107543355978123,38.338073391593646,3,13.665939858781284,0.0
2400.3827133697955,4.742376084702539,114.5418222404772,1,67.43775881090787,1.0
1303.6756211083732,3.1294619351251987,223.00271707232218,3,51.5644736505585,1.0
774.9021905403247,20.115620612703726,134.36167565642057,1,59.44155184217278,0.0
50.308584185769234,8.726674780561531,136.11135200614257,11,10.539269534825062,1.0
889.4504310984502,6.7352539170363785,79.93082637887518,5,35.44497306447737,1.0
85.6247728646413,9.697448695048905,0.22066723058793036,2,2.032707756268768,0.0
777.8848309068343,17.661854522680166,101.9580458602766,2,58.42749150844938,0.0
562.8345509264279,7.908829739206378,35.45817174562015,1,24.168472644287945,0.0
603.2465260551147,17.77505841629304,23.527593620119536,5,26.982928970120636,0.0
64.11380127757988,11.6157604011014,6.472769270301935,2,3.3946253882111765,0.0
124.65707513125672,5.719101120438174,10.330570375537263,1,2.9319345423163097,0.0
1047.1229116217132,23.63865907996339,107.22774991868405,2,69.61380307778819,0.0
87.38064031703922,9.935821087130504,2.293860706448017,5,1.5898737548152437,0.0
147.37638446522175,6.878282590014868,1.5397397477679515,1,1.7622889578541212,0.0
57.944468116231576,10.548645758241364,0.3352608925534093,4,2.888773117011151,0.0
798.3827378165192,17.192184717070422,108.75585286000045,1,67.73854013411402,0.0
1002.7858583825893,17.907511103495036,96.0244996137431,1,60.399204982266596,0.0
72.91934218533781,13.737785423226363,83.68477014471527,12,13.497942310365143,1.0
1063.0188020215608,20.665510475513265,65.4513671960521,7,25.7738989659394,1.0
827.2018460640368,17.674198164898105,45.420762140058294,6,86.21104099237759,0.0
974.8426159800704,18.71182488855677,76.9883648028797,1,82.42395650826857,0.0
1223.9149822869153,16.792821365568457,136.79215431611152,2,70.94251390791966,0.0
1218.3013703844924,17.2303945719462,66.83940047341625,3,61.246434384329845,0.0
401.8491348952049,10.215266267140882,35.05424093216699,2,32.80242981025989,0.0
663.2411303931635,9.29443079176292,29.68081505356638,4,21.874927466785795,0.0
79.59925835264528,9.45045149077393,5.055443978899272,2,3.8483506292674265,0.0
531.0907565598004,17.74887459698094,37.77531240814944,0,70.6991424855026,0.0
78.10391240612223,6.099534723067546,62.508890983640356,2,3.8630045619563074,1.0
757.7967600475087,0.15941867530863618,100.1647765073018,2,67.9304367488652,0.0
927.806766836184,19.919944285878234,76.67382880465067,2,61.70918911024627,0.0
75.93168192335143,10.150898845179828,0.8060580416755946,2,3.035128916176733,0.0
143.6060223147195,12.895151806555594,3.2982609877689626,3,19.184031658597714,0.0
118.87525273152109,12.30182918218108,52.30470884066074,6,14.30899348950212,1.0
993.4493459568004,19.239160736828307,110.05111375787402,5,54.59340272101555,0.0
3507.355854651105,3.483324827252803,310.61953187955044,3,52.2168800261074,1.0
86.60455143798937,15.281928724789458,15.688163929801622,1,22.084980512384433,0.0
1667.8978280268843,21.85114859007071,180.74815987868897,1,41.573315043614464,1.0
1021.2860455383793,18.68294085394606,165.62466488122618,3,61.18205871727013,0.0
70.28391024607934,18.31828858292285,4.11240946550342,2,3.108042858383234,0.0
2523.6758712265255,0.05802238811581262,248.40513318882714,4,56.70619366530453,1.0
122.76907661479801,13.116086103081358,4.10681430140426,4,35.20334522587389,0.0
494.4452301103381,20.402345484621797,21.056673769115804,4,64.17343812083394,0.0
356.41378488205606,9.275793370100477,20.26553258600524,5,35.83686452830854,0.0
102.61141204714514,9.091451296700527,5.057010774374272,6,3.0966522687660962,0.0
830.0311261070416,20.015982653825088,107.65820162240689,3,61.98335628660232,0.0
119.54173753917394,18.3098131190539,5.450091904163448,1,17.121598159693292,0.0
715.5492580804652,20.88154237597643,111.44615687767994,3,58.99115418114925,0.0
486.98569456323156,13.696663785607665,48.078761587991906,4,21.633163839431873,0.0
484.8214904964417,18.013593207068602,31.177212173809103,3,24.52182130545215,0.0
595.042383818605,18.481915708358592,27.037325564911182,3,95.37893190161732,0.0
114.19712873720634,14.335712741303855,4.710930064584235,4,31.073690395420005,0.0
488.76719503091704,21.04514086401928,45.31323744579469,6,81.2309476747197,0.0
713.3033374656267,11.985589843637726,28.08178541793361,4,24.82914382070409,0.0
2021.39145106216,23.520501883076975,223.06152467933285,3,43.308923285703116,1.0
459.9647974762353,17.599869809204694,92.20720177569896,4,42.90300939119793,1.0
159.23190233440087,19.803237015874057,62.97829657226113,9,7.031003074123509,1.0
1127.7184917554748,17.885016429984333,86.13711944045805,2,62.184874876974405,0.0
501.25924007817946,21.32165357475704,31.408284265277498,1,65.23580805202026,0.0
1009.4797342632828,22.278233610888137,96.93614679895002,3,70.78410100524125,0.0
538.4065448939307,18.404872993280016,23.305898051674482,1,52.738860431472645,0.0
551.5641860543013,19.27309259222112,87.77400965253017,5,36.52750074742389,1.0
950.8513871828112,20.899108270882646,102.47538097969569,0,77.9996003071182,0.0
1273.3748534889048,18.874813744200956,73.3555631281787,3,47.60399117195943,0.0
744.7977876567038,12.992049184830414,96.12755921131416,6,25.987171260282047,1.0
792.5507691347087,18.96072440214664,138.6197317045642,5,76.58556605275962,0.0
597.5119733417752,10.067254150802505,9.703261322604178,0,22.96713435774916,0.0
836.8833138853955,21.597829040512124,58.37798038473708,4,19.495905507993477,1.0
453.08243478952954,18.838566839782835,39.02469222501784,7,105.2267077155313,0.0
1233.5564123319614,15.012528714857089,107.51357223183332,1,47.47275966416885,0.0
675.5340842443204,21.37406061112076,20.345020141709444,5,78.70351839305417,0.0
156.9037894796184,13.3378271599481,3.649872968592603,4,1.0087096183596789,0.0
103.05253152314916,10.343593508334202,131.79041768324393,10,14.784544967878272,1.0
497.90984060358517,14.79289325445436,30.0581055854245,3,15.443265787432942,0.0
1082.68698064474,20.073019687140807,130.10699680549857,5,69.1683610194468,0.0
2245.5330217226783,23.798059873352344,305.72074171543966,1,48.46198182834327,1.0
324.1260513576886,19.657524820606962,52.90883924078762,5,83.1752351519469,0.0
944.669643772801,4.4526234061852605,51.4476658012484,5,25.396008256034513,1.0
64.26089508392054,9.791107822876114,4.241668481050225,3,3.0409140828073737,0.0
512.0295631711899,17.75246207860839,56.875343656969605,4,78.68083006603123,0.0
1887.6885382042612,23.805593834995175,186.5323947636621,4,46.66783845441886,1.0
735.0232756016522,8.96760711295162,65.4599822379968,3,23.781448100657748,1.0
104.19981227909304,9.510654299800814,96.0102626557688,4,12.044380881278318,1.0
1271.1275717609901,17.48850968101431,95.94237023818923,4,100.05613685047595,0.0
374.1345897661555,10.233745355807347,68.94650373901916,5,39.9453586739107,1.0
884.6457338863335,18.410100643415944,144.46067480847373,6,84.27841168017584,0.0
111.5595213918651,14.594839550358572,1.4183094814786363,5,24.744270710560322,0.0
62.65699377492452,16.464581374461385,109.92775178235918,8,7.395901162169065,1.0
509.7676098548832,18.064597597376217,41.005976067613105,2,76.98327094935928,0.0
676.5454240281097,11.817655934578008,19.65627172076402,4,17.73831353918618,0.0
355.1915658502676,14.609291513653679,18.786193619252153,2,20.335308329484775,0.0
69.61506638996728,12.456910594648159,4.772728142397403,2,2.2711070348970326,0.0
2182.685461107657,3.0032098677634975,271.94131897271114,1,59.37701264923307,1.0
551.4438834058749,22.828062707733572,11.899675967274208,4,59.10042446729018,0.0
1305.9100638921227,21.437523703394632,50.79200082324052,4,79.00957781782574,0.0
74.82347430332085,13.973271603523557,0.9766009881197293,4,1.9327704378490131,0.0
77.27707675741631,5.617386600419979,86.77085081275432,7,13.094115084567054,1.0
418.17793167665275,11.90258163095607,10.447235736898993,7,18.90402308502355,0.0
914.623786010516,21.981452273699905,94.2685693015891,0,63.06527351528365,0.0
2156.3254956036612,23.246721388698607,279.07318617416644,1,44.44301467614294,1.0
1193.2920736737572,22.162531983873468,146.02247941802855,2,49.472785939659275,1.0
1086.9070752916446,22.575100910797193,218.05125725713776,0,39.272145341972674,1.0
869.6327784395681,17.39265086406054,85.7288420880641,1,86.00141991843849,0.0
827.0106331624453,21.30151372358859,52.77159400300755,14,36.29199945460928,1.0
144.33682134224549,13.520791404023853,6.481568428056429,3,0.2329896349944498,0.0
84.45189345179058,14.442342981135292,24.024177204430693,6,2.8607246772401176,0.0
569.0143991711112,18.275118117193735,31.501361163713845,5,72.26940494733194,0.0
1254.3110189988317,22.652019427093872,44.999765064807015,5,82.68626613174563,0.0
1108.672038475987,19.619641420454055,57.619947454869184,2,88.32811243329246,0.0
173.89726337455858,12.786219106046298,2.6604322157516864,5,2.39619940038418,0.0
746.340364588389,6.479367284531089,77.5722514015459,0,33.30507035967573,1.0
564.5375949585148,22.26686306460219,5.972460651003129,2,83.49065662826261,0.0
937.4134139272239,6.910418258237256,15.401717838691017,3,35.47609969582708,1.0
88.62694754953758,16.498484662580815,89.82502348634128,5,14.329507783811007,1.0
925.7118268008417,15.772877204246518,107.09745252628592,2,73.35189226500775,0.0
702.0316115987188,11.287777150492953,105.09560468116946,7,26.211462516199916,1.0
146.4980321505262,12.93685893014608,2.0341175418012742,3,1.0973003357774667,0.0
78.54088872220095,18.26209611693736,4.689197140188667,1,19.09243194187436,0.0
1381.8833280940262,18.141188917749496,71.68447883728848,3,79.01619938301506,0.0
99.20549115133514,5.997641319285356,130.7477935651909,6,8.141728270283298,1.0
110.84186816525242,14.831007741821901,4.462232522850162,3,2.7602134963301177,0.0
842.1630155918382,16.09793281132256,83.03930849663756,5,37.16519297543706,1.0
105.14104843569912,6.881692133057194,1.0999332594693239,2,1.55757701075643,0.0
82.27515667277572,16.959420521974415,77.96014326451318,5,11.110087466800566,1.0
509.6995964992718,14.091341952141999,33.507851757548096,1,25.917555898770026,0.0
1300.7985977165376,17.133464081853607,80.53258356182504,5,62.256940090704084,0.0
877.5666130536362,1.7907854695168202,216.74190975123108,0,47.60939732294743,1.0
755.5744382216109,20.484190744018616,100.46136944116317,1,81.7194817602301,0.0
97.75062222767346,22.575359980466732,62.7408071695429,5,12.272491400562608,1.0
64.56139579981522,1.1947440365530504,60.06199772225901,8,15.582102149667897,1.0
1965.123285385601,3.8895412311690247,182.56177676501792,2,51.837479934672395,1.0
125.54728960738554,18.251150550625603,120.7947826701189,13,10.032485231801385,1.0
489.29696400454424,17.623699309644554,40.76146312640013,0,79.05894535141955,0.0
546.2103474263271,4.441837076217876,43.09472896350713,1,29.835705856246452,0.0
67.87322505816662,10.042242229927112,2.8710525207056565,2,14.922259400398396,0.0
1126.556373221257,20.41621735337718,126.19508292080397,5,73.74381666390886,0.0
2239.720845871634,2.227585008989412,170.7047019659412,3,61.92417817160369,1.0
114.47417245729555,16.17664350827629,6.5375680065751895,3,25.865149144768868,0.0
1044.7768048558262,18.626057394029107,115.45128019828563,3,65.58911673644488,0.0
895.3627190049209,11.125148142214124,42.55188470393591,9,40.49791247806613,1.0
740.9842455872767,19.340832444750976,86.10193133017502,4,74.05811457833812,0.0
623.7816311973462,19.692976951795984,30.8312246565668,3,69.19785050898122,0.0
1894.8390022480726,22.441913649863327,156.56118245031718,1,48.103057662098195,1.0
636.8631557532349,16.707309213962624,34.242342597118984,3,60.916716448694494,0.0
1011.8436868028977,13.81791541571018,53.77620872707399,2,68.95014776796181,0.0
485.76205149787063,16.893168873652687,36.53283173249538,1,98.58653539445717,0.0
587.2320636720679,15.886836202680499,37.50586853835777,2,67.06234591034448,0.0
518.3342005738351,18.143769678068175,31.959750338646028,3,80.06037820585512,0.0
406.0120213672645,16.119898234811412,33.7735070276323,1,66.19215460462945,0.0
1130.8731312708117,18.94994608250971,133.0346728674186,1,76.98660889769077,0.0
644.2559502191443,21.171791131663156,92.75756768739382,5,72.68311705044931,0.0
287.6104275690193,18.356729897565234,26.13523282748026,4,56.209371092085135,0.0
160.08048299225774,12.80680635142106,116.57844014688709,10,16.668836334588633,1.0
1579.0031101191996,1.5511742525026477,256.04242218239045,1,41.08077867908435,1.0
1075.4600986089704,19.643395612392027,112.44095586192661,4,75.55185485811555,0.0
378.5811387212268,13.745294678696128,29.088308804438128,3,21.30717719302331,0.0
115.41357852736627,14.985014264108884,0.7497289952322251,4,17.655612853536617,0.0
929.6973031917382,21.472186350420873,158.8207381648314,4,67.90108041337972,0.0
1019.8664610858452,17.329305893480484,87.0953009322449,0,61.908223212161424,0.0
132.66851790902098,5.907252380864901,4.165843710739791,3,24.47341698686738,0.0
1739.7805073039444,0.40416594010039475,113.75415520290952,5,31.5402642725534,1.0
121.48137247121483,7.810038736382587,99.71672807176857,11,14.065059665119994,1.0
81.98083930243585,9.840961278762554,8.350447669219385,3,2.0458714448845647,0.0
804.4889510402897,19.557988324447603,71.06787236164924,4,77.96175008563105,0.0
709.238727568546,20.569081434447455,28.34600981856488,4,22.29144822905989,0.0
2672.159103993604,22.265196292789643,179.95424032279365,3,67.18865418574426,1.0
1066.7324210573897,20.676981548903285,107.21413747990621,0,74.24231642678483,0.0
83.13137412277082,16.41320752806609,0.6470504452855058,2,3.9508518023679295,0.0
840.6209489059047,16.55211946647549,53.8100044218004,4,49.297153184956514,0.0
1646.5476104312015,23.645037855448997,184.98365770978796,2,44.16611915312797,1.0
169.43975700020525,16.29452699943909,6.561892815365702,2,26.699401376456358,0.0
116.46507649055387,1.0128112459511627,57.51429531775866,8,14.205336864358976,1.0
913.4883624360758,19.83803801873209,62.15635499034673,4,90.99065963175039,0.0
479.7807347566106,9.859059153757729,18.109887176199656,5,33.77362935386145,0.0
1561.27262999845,23.075417742612462,160.18366773352415,2,59.440770398855754,1.0
53.2578179243946,11.646134499533787,105.68183602783076,6,14.05619256274587,1.0
1105.9608355830565,17.836638172102713,106.86947275183235,2,68.28599085595447,0.0
1908.0653500916897,3.4291781198749987,268.4314811048564,3,42.2657712475779,1.0
86.18083687120638,12.747067057908314,9.879733695998477,7,4.185711664614155,0.0
1536.7664908794416,3.313111768573892,222.18696456349028,2,71.92635527079113,1.0
715.3182457511556,20.99253363889428,34.21684468264444,3,64.95992670833749,0.0
81.9488016331181,12.783381020390726,0.6853783099019248,3,0.8895742507475575,0.0
98.92521882670145,14.529630956222084,1.7658942500081025,2,1.4109097774685988,0.0
798.4037591296591,23.33351302119258,79.65063353497513,10,51.13609415991756,1.0
482.26237392448206,13.00880028233285,95.05962972166499,6,28.363605513404178,1.0
1231.8659606728497,17.64456926049579,121.86054391650748,5,65.97460584163146,0.0
57.676009191188314,9.369034705126893,52.25685832023771,2,13.96895785785942,1.0
1173.9211840211321,18.650080486609184,93.86635060944326,0,56.65896093171422,0.0
1375.3591625116132,17.203064036417924,169.99733212855904,2,73.32321022301588,0.0
110.30854868705384,9.553928788032207,12.56199771637116,3,1.3195040563249938,0.0
559.5157025436914,9.705199984245684,26.96338476126004,1,20.960383150345113,0.0
1049.644117260067,16.337534092884443,99.59584535004527,3,62.274137011520196,0.0
665.7351539463035,3.2700135622074686,147.4831275258887,3,32.623424919282435,1.0
968.3984202842021,18.573114258139583,51.0232479102372,4,79.36639615368937,0.0
84.10719388698884,11.719337154165412,4.049359561738078,1,4.278243070582276,0.0
1514.671960649972,17.84697919854656,119.00083944530957,1,64.1110344754694,0.0
775.8983606468207,19.877106189278262,110.04591273123201,4,31.189596283906138,1.0
399.7470635362191,17.656753264123896,40.28682610696392,3,92.75862478420133,0.0
1836.7045862745863,1.266530501963812,205.26298505116668,1,45.9721620221419,1.0
945.4552860504659,16.030204063100193,95.15906880971409,3,74.41217976850385,0.0
494.04746439382,17.316610120529724,15.538719674398378,2,18.432472203290118,0.0
461.468640313824,15.04165862457719,33.62570815026485,0,30.542908349445838,0.0
532.271856033809,20.087200309188866,36.67460781639312,4,93.97946741590064,0.0
111.52836504957853,13.899115296841178,90.47058743291701,6,11.940088905481478,1.0
85.4390935651269,10.214265541797888,2.7132442614864805,5,29.8751126135384,0.0
561.0370265433464,9.412252889177704,35.212952905957565,2,32.6991211186401,0.0
674.4915124233675,19.08762294395822,64.49781435200407,2,79.62636239799478,0.0
